timestamp,year,month,day,hour,PM2.5,PM10,SO2,NO2,CO,O3,temp,pres,dewp,rain,wdir,wspd
1424732400,2015,2,24,0,154,223,32,36,1300,34,1,1012,-9.3,FALSE,5.89048622548086,1.5
1409670000,2014,9,2,17,NA,5,2,7,600,87,20.2,1007.5,17.4,TRUE,1.17809724509617,1.4
1410681600,2014,9,14,10,27,27,2,16,400,54,22.1,1015.2,3.7,FALSE,0.785398163397448,3.2
1451750400,2016,1,2,17,375,375,38,152,4300,7,2.5,1015.6,-4.5,FALSE,1.5707963267949,0.3
1425135600,2015,2,28,16,161,161,5,37,1500,15,1,1019.7,-2.1,FALSE,0.785398163397448,1.6
1365246000,2013,4,6,13,9,6,3,10,300,87,13.6,1011.6,-10.3,FALSE,1.96349540849362,1.5
1475823600,2016,10,7,9,57,57,3,39,1400,11,12.4,1017.1,11.5,TRUE,5.10508806208341,2.6
1478530800,2016,11,7,16,6,7,2,9,100,61,11.7,1026.9,-8.8,FALSE,1.96349540849362,4
1487066400,2017,2,14,11,208,225,51,93,3800,10,0.6,1032,-4.4,FALSE,5.49778714378214,1.5
1367593200,2013,5,3,17,60,62,14,22,900,169,21.5,1012,4.1,FALSE,5.10508806208341,3.6
1474772400,2016,9,25,5,194,194,2,18,1100,NA,20.025,1009,18.2,FALSE,2.35619449019234,1
1465448400,2016,6,9,7,166,166,2,2,100,NA,21.8,1004.6,17.4,FALSE,5.49778714378214,1.9
1378764000,2013,9,10,0,98,105,6,54,1100,15,19.9,1008,17.5,FALSE,0.392699081698724,1.2
1436706000,2015,7,12,15,93,93,5,20,800,293,37.9,992.3,16.8,FALSE,5.10508806208341,2
1470394800,2016,8,5,13,57,57,2,21,600,125,31.3,1006,22.6,FALSE,5.89048622548086,0.9
1474988400,2016,9,27,17,14,19,3,7,300,66,19.35,1019,1.7,FALSE,0.785398163397448,3.8
1381964400,2013,10,17,1,91,177,2,69,1100,1,6.9,1022.6,3.9,FALSE,0.392699081698724,1.1
1442084400,2015,9,12,21,19,61,2,82,600,2,19.6,1012,7.7,FALSE,3.53429173528852,1.3
1443880800,2015,10,3,16,24,55,4,26,600,92,24.4,1015.8,7.1,FALSE,4.71238898038469,3.3
1474473600,2016,9,21,18,58,64,5,36,800,NA,21.025,1014,14.4,FALSE,0.785398163397448,1.7
1464634800,2016,5,30,21,128,171,12,60,700,222,29,997.9,18.1,FALSE,5.89048622548086,1.6
1456462800,2016,2,26,6,19,19,19,73,900,2,-2.8,1026.2,-15.5,FALSE,1.17809724509617,1.6
1420009200,2014,12,31,8,4,23,2,14,300,46,-4.6,1029,-24.8,FALSE,1.96349540849362,3.8
1418626800,2014,12,15,8,61,113,31,76,1600,9,-0.2,1021,-16.1,FALSE,2.74889357189107,1.2
1469498400,2016,7,26,4,7,7,3,8,200,NA,24.1,1001,17.3,FALSE,1.17809724509617,2.5
1425852000,2015,3,8,23,21,155,2,12,200,73,3.8,1027.4,-25.1,FALSE,1.96349540849362,4.2
1392613200,2014,2,17,6,132,99,47,68,2200,4,-1.2,1031.9,-8,FALSE,1.5707963267949,0.1
1446253200,2015,10,31,2,27,31,2,44,500,2,2.4,1029.6,-2,FALSE,2.35619449019234,0.9
1397055600,2014,4,9,17,74,379,3,50,300,64,26.3,1007.4,-3.3,FALSE,0.392699081698724,3.1
1467378000,2016,7,1,15,NA,NA,2,14,1000,NA,31.4,999,10.1,FALSE,0,1.6
1476360000,2016,10,13,14,161,161,21,56,1200,125,20.8,1014.7,12.5,FALSE,4.71238898038469,1.9
1482692400,2016,12,25,20,145,145,41,95,2600,4,-0.3,1025.2,-6.3,FALSE,1.17809724509617,1
1416038400,2014,11,15,9,27,52,20,50,700,2,3.2,1017,-8.8,FALSE,0.392699081698724,0.7
1370473200,2013,6,6,1,124,126,3,26,1500,22,18.7,1008.1,17.2,FALSE,4.31968989868597,0.7
1418446800,2014,12,13,6,43,64,11,60,1900,3,-7.1,1011,-15.8,FALSE,0.785398163397448,1.6
1403406000,2014,6,22,5,30,30,2,26,500,32,18.5,1006.4,16.7,FALSE,2.74889357189107,1.1
1386860400,2013,12,12,16,6,16,2,8,800,52,-1.8,1020.2,-25.9,FALSE,1.5707963267949,2
1439654400,2015,8,15,18,3,14,2,12,300,120,33.5,1000,12.5,FALSE,5.49778714378214,1.3
1480158000,2016,11,26,12,239,317,48,104,2800,18,6.8,1016.6,-6.9,FALSE,2.74889357189107,1.3
1487044800,2017,2,14,5,143,143,24,89,2600,2,-2.4,1032.2,-5.7,FALSE,5.89048622548086,0.3
1427619600,2015,3,29,11,162,396,46,73,2600,63,18.3,1013.6,3,FALSE,5.49778714378214,2.3
1429279200,2015,4,17,16,69,153,22,40,600,106,25.9,1002.5,-3.7,FALSE,4.71238898038469,3.5
1467367200,2016,7,1,12,4,5,2,12,200,99,30,1000.3,12,FALSE,0.392699081698724,2.9
1377140400,2013,8,22,5,96,96,1,37.3646,900,20,21.9,1005.5,20.2,FALSE,1.17809724509617,0.8
1451862000,2016,1,4,0,258,258,22,87,3400,7,-2.5,1023.1,-5.8,FALSE,1.5707963267949,1.1
1431385200,2015,5,12,1,9,9,2,15,300,78,14.3,995.5,1.9,FALSE,3.14159265358979,3.8
1385888400,2013,12,1,10,34,63,28,42,1700,14,7.2,1021.3,-12.1,FALSE,0.785398163397448,1
1428908400,2015,4,13,9,17,23,2,13,200,82,9,1025.3,-3.9,FALSE,1.5707963267949,3
1388127600,2013,12,27,8,13,18,18,54,600,11,-2.3,1029.2,-19.7,FALSE,2.35619449019234,3.3
1437105600,2015,7,17,6,21,21,2,2,NA,2,22.4,1004.3,17.1,FALSE,1.17809724509617,3.1
1425204000,2015,3,1,11,143,203,20,81,2500,22,8.4,1018.1,-13.9,FALSE,3.53429173528852,3.7
1484017200,2017,1,10,4,4,6,4,9,300,67,-1.8,1025.5,-19.2,FALSE,2.35619449019234,3.9
1404831600,2014,7,8,17,14,36,4,14,300,115,31.3,998.6,12.6,FALSE,0.785398163397448,1
1422576000,2015,1,30,1,9,9,2,11,300,65,-3,1028,-22.9,FALSE,2.35619449019234,4.4
1424016000,2015,2,15,17,244,273,90,122,4300,17,7,1016,-6,FALSE,5.10508806208341,1.3
1438095600,2015,7,28,17,29,29,2,32,600,135,31.2,997.4,20.8,FALSE,3.92699081698724,1.1
1434211200,2015,6,13,18,18,52,2,19,700,109,26.9,1001.8,15.6,FALSE,5.49778714378214,1.8
1460671200,2016,4,15,0,16,36,9,43,200,39,12,1013.5,-1.2,FALSE,0.392699081698724,1.6
1444010400,2015,10,5,4,124,124,2,53,1100,20,13.8,1016.9,12.2,FALSE,1.17809724509617,1.1
1450443600,2015,12,18,14,13,13,6,2,NA,2,6.6,1030.3,-11.6,FALSE,0.785398163397448,2.4
1454122800,2016,1,30,4,184,184,11,45,2600,6,-8.3,1032.1,-16.7,FALSE,1.17809724509617,1.2
1463446800,2016,5,17,3,50,147,4,49,NA,NA,15.5,1004.3,8.2,FALSE,1.5707963267949,1.2
1434387600,2015,6,15,19,69,131,13,44,800,197,30.1,1000.3,13.4,FALSE,4.31968989868597,2.3
1460008800,2016,4,7,8,198,207,7,82,1700,10,15.5,1008.1,4.8,FALSE,1.5707963267949,1.5
1463241600,2016,5,14,18,49,49,2,47,700,43,13.4,1011.2,11.6,FALSE,5.10508806208341,1.8
1470636000,2016,8,8,8,19,19,3,20,400,32,26.3,1007.4,18.9,FALSE,1.17809724509617,3
1473134400,2016,9,6,6,13,14,2,24,200,NA,19.2,1006.4,15.7,FALSE,1.5707963267949,1.9
1476511200,2016,10,15,8,96,96,2,43,1400,2,12.6,1019.9,12.1,FALSE,0.785398163397448,1.3
1420538400,2015,1,6,11,NA,NA,NA,NA,NA,NA,2,1023,-21.3,FALSE,1.17809724509617,2.4
1450062000,2015,12,14,4,362,362,11,86,7000,8,-0.3,1020.8,-1.1,TRUE,1.5707963267949,0.7
1485712800,2017,1,29,19,10,14,3,4,300,74,-2.3,1030.5,-20.9,FALSE,0.785398163397448,3
1427666400,2015,3,30,0,117,292,31,62,1100,42,14.5,1007.2,4.5,FALSE,5.49778714378214,1.6
1377295200,2013,8,24,0,42,70,1,51,1100,1,22.7,1006.6,18.7,FALSE,0.785398163397448,1.5
1376766000,2013,8,17,21,29,44,5,37.5699,NA,43,27.6,1000.9,15.9,FALSE,1.5707963267949,1.2
1452150000,2016,1,7,8,18,18,2,43,600,24,-6.7,1031.3,-18.7,FALSE,1.96349540849362,1.7
1432548000,2015,5,25,12,132,156,33,51,1300,204,30.3,1002.4,14,FALSE,5.10508806208341,2
1422763200,2015,2,1,5,37,37,17,47,1300,4,-8,1033,-21.1,FALSE,1.5707963267949,1.6
1474700400,2016,9,24,9,27,27,2,29,500,NA,19.475,1007,16.7,FALSE,0.785398163397448,1.1
1368644400,2013,5,15,21,46,133,23,36,600,124,21.1,1013.9,8.4,FALSE,5.10508806208341,2.3
1373403600,2013,7,9,23,NA,13,9,20,700,38,23.3,1000.5,21.9,FALSE,1.96349540849362,0.6
1437937200,2015,7,26,21,110,149,2,39,1100,135,30.6,1000.9,23.5,FALSE,5.49778714378214,1
1393286400,2014,2,25,1,376,386,37,124,6600,3,-1,1024.1,-3.5,FALSE,0.785398163397448,0.1
1415502000,2014,11,9,4,42,42,2,35,900,21,0.1,1016,-2.6,FALSE,1.5707963267949,1.5
1481691600,2016,12,14,6,3,6,8,14,300,57,-4.9,1032.5,-18,FALSE,0.785398163397448,2.6
1385488800,2013,11,26,19,12,37,3,23,NA,59.976,1,1019.2,-22.1,FALSE,1.96349540849362,5.6
1373986800,2013,7,16,17,NA,NA,9.4248,6.9802,NA,96.1758,32.5,997.5,14.1,FALSE,5.10508806208341,1.2
1478307600,2016,11,5,2,90,94,2,122,3700,2,5.4,1004.6,5.1,FALSE,1.17809724509617,1.1
1450616400,2015,12,20,14,168,168,31,76,2200,12,2.6,1020.5,-4,FALSE,5.10508806208341,0.9
1403694000,2014,6,25,13,92,154,25,44,1200,117,25.2,1000.3,21.3,TRUE,0.392699081698724,0.5
1378234800,2013,9,3,21,73,97,10,32,1100,88,23.2,1012.9,17.2,FALSE,5.89048622548086,2.5
1395392400,2014,3,21,10,20,57,5,11,200,NA,18.1,1018.3,-10.8,FALSE,3.53429173528852,3.2
1488304800,2017,2,28,19,27,72,8,92,800,16,10.3,1014.2,-12.4,FALSE,3.14159265358979,1.8
1381694400,2013,10,13,22,81,111,3,88,1200,1,13.8,1016.8,11.5,FALSE,3.92699081698724,0.5
1457805600,2016,3,12,19,118,129,43,92,1300,30,4.6,1013.3,-6.9,FALSE,1.5707963267949,0.9
1425290400,2015,3,2,11,87,102,33,64,1700,36,8.4,1007.9,-10,FALSE,4.31968989868597,1.1
1456308000,2016,2,24,11,34,34,NA,3,900,2,0.8,1032.1,-17.5,FALSE,5.10508806208341,1.6
1380290400,2013,9,27,16,253,307,46,27,1700,246,22.1,1006.1,11.5,FALSE,5.49778714378214,1.5
1466506800,2016,6,21,13,114,114,2,21,900,235,32.6,998.1,19.8,FALSE,3.92699081698724,1.9
1472796000,2016,9,2,8,11,42,2,NA,100,2,22,998.7,14.6,FALSE,1.17809724509617,1.7
1449194400,2015,12,4,3,14,14,NA,NA,NA,NA,-1.2,1025.2,-15.1,FALSE,2.35619449019234,3.2
1476784800,2016,10,18,12,92,156,29,67,2700,13,16.5,1017.3,12.6,FALSE,0.392699081698724,1
1387832400,2013,12,23,22,165,191,100,103,2800,7,-5.1,1032,-10.1,FALSE,0.785398163397448,0.8
1378875600,2013,9,11,7,5,26,1,22,500,11,18,1012.8,12.2,FALSE,1.17809724509617,1
1465171200,2016,6,6,2,31,31,NA,18,NA,29,20.3,1006.7,14.2,FALSE,5.10508806208341,1.2
1414422000,2014,10,27,16,29,29,16,38,800,40,13.2,1026,-7.5,FALSE,5.10508806208341,2.8
1440774000,2015,8,28,17,10,13,2,9,200,107,33.2,1001.3,12.8,FALSE,2.35619449019234,1.2
1403892000,2014,6,27,20,27,59,2,40,400,81,25.4,1002.6,15.4,FALSE,3.92699081698724,0
1463468400,2016,5,17,9,67,108,8,67,700,31,22,1006.7,10.2,FALSE,1.17809724509617,1.3
1416862800,2014,11,24,22,123,211,43,86,2500,12,3.3,1015,-3.7,FALSE,5.49778714378214,1.5
1388869200,2014,1,4,22,196,210,27,93,3000,2,-4.4,1018.2,-6.5,FALSE,2.35619449019234,1.2
1396843200,2014,4,7,6,70,190,11,85,800,2,10.3,1010.9,2.1,FALSE,1.17809724509617,1.2
1398621600,2014,4,27,20,49,121,11,44,700,89,17.9,1017,5.5,FALSE,4.71238898038469,1.3
1445032800,2015,10,17,0,328,328,2,91,2300,41,13.2,1014.2,11.9,FALSE,NA,0
1449468000,2015,12,7,7,101,101,9,56,2000,2,0.3,1029.4,-4,FALSE,1.17809724509617,0.9
1364716800,2013,3,31,10,127,152,3,42,1000,13,5.2,1017.7,2.2,FALSE,5.10508806208341,2.1
1478793600,2016,11,10,17,184,184,12,85,1400,6,8.6,1008.4,2.4,FALSE,0.785398163397448,1.2
1464649200,2016,5,31,1,139,147,12,50,1900,119,25.8,998.6,17.2,FALSE,5.89048622548086,1.1
1443362400,2015,9,27,16,11,27,2,7,NA,120,27.9,1009.8,5.5,FALSE,4.71238898038469,1.1
1382212800,2013,10,19,22,6,14,1,47,300,21,11.2,1023.2,0,FALSE,2.35619449019234,1.6
1451451600,2015,12,30,6,396,396,16,106,5500,9,-3.1,1025.3,-6.4,FALSE,1.17809724509617,0.5
1386874800,2013,12,12,20,11,11,5,16,1000,39,-4.6,1021.5,-23.7,FALSE,3.14159265358979,0.9
1475845200,2016,10,7,15,69,69,3,46,2000,6,13.9,1012.3,12.8,FALSE,4.71238898038469,1.3
1371884400,2013,6,22,9,82,95,3,38,800,29,21.1,1006.6,21.1,TRUE,1.17809724509617,1.6
1480255200,2016,11,27,15,3,6,2,7,100,78,7.4,1025.6,-16.8,FALSE,1.96349540849362,4.2
1424433600,2015,2,20,13,104,104,2,35,1300,32,1,1019,-0.6,TRUE,5.49778714378214,1.8
1448575200,2015,11,26,23,111,111,21,78,2500,5,-7.3,1026.2,-13.3,FALSE,1.17809724509617,1.3
1391281200,2014,2,1,20,128,105,26,48,2600,1,2.7,1009.8,0.4,FALSE,4.71238898038469,2.4
1449450000,2015,12,7,2,161,161,NA,32,NA,2,0.7,1028.7,-4.2,FALSE,1.5707963267949,1
1374872400,2013,7,26,23,71,69,1.428,31.8215,NA,35.7714,25.6,999.2,21.7,FALSE,1.17809724509617,1.2
1400331600,2014,5,17,15,62,99,25,NA,800,205,27.8,1006.1,4.1,FALSE,4.71238898038469,4.3
1362546000,2013,3,6,6,129,140,73,82,1800,61,4,1010.9,-5.8,FALSE,1.5707963267949,2
1423652400,2015,2,11,12,12,12,2,12,200,87,7,1011,-15.1,FALSE,2.35619449019234,1.4
1474434000,2016,9,21,7,40,101,3,53,1200,NA,15.6,1016.5,12.2,FALSE,0.785398163397448,2
1470826800,2016,8,10,13,74,74,4,13,800,173,32.9,1002.9,23,FALSE,4.31968989868597,3.3
1389862800,2014,1,16,10,297,304,113,109,4200,6,-0.2,1024.8,-10.4,FALSE,0.785398163397448,1.3
1479553200,2016,11,19,12,33,33,14,8,400,67,12.2,1015,-2.8,FALSE,0.392699081698724,1.4
1406862000,2014,8,1,5,130,130,2,28,1000,26,24.7,1003.9,22.6,FALSE,5.89048622548086,0.5
1367452800,2013,5,2,2,55,99,28,45,1200,55,14.9,1010.1,1.4,FALSE,5.49778714378214,2.1
1431201600,2015,5,9,22,39,40,2,40,600,19,12.2,1014.4,6.5,FALSE,1.17809724509617,0.3
1456250400,2016,2,23,19,13,16,4,24,700,58,-0.1,1035.1,-22.3,FALSE,1.96349540849362,1.9
1464487200,2016,5,29,4,59,62,2,41,400,37,18.7,1002.6,12.9,FALSE,1.5707963267949,1.4
1473501600,2016,9,10,12,3,6,2,16,200,NA,28.4,1007,10.1,FALSE,0.785398163397448,1.9
1456981200,2016,3,3,6,216,216,37,97,2200,2,2.2,1008.9,-3.5,FALSE,3.92699081698724,0.2
1364007600,2013,3,23,4,47,51,3,56,800,10,0.7,1010.9,-3.4,FALSE,5.49778714378214,1.5
1441198800,2015,9,2,15,6,7,2,4,300,71,30.4,1008.3,15.3,FALSE,0.785398163397448,2
1444320000,2015,10,8,18,14,27,2,38,400,27,16.1,1013.8,-6.3,FALSE,3.53429173528852,1.8
1453651200,2016,1,24,17,17,51,6,25,100,54,-5.2,1033,-24.2,FALSE,2.74889357189107,5.5
1441465200,2015,9,5,17,23,23,2,36,700,44,17.9,1008,16.6,FALSE,3.14159265358979,1.7
1389740400,2014,1,15,0,212,244,89,109,5100,7,-5.9,1030.2,-14.9,FALSE,1.17809724509617,1
1449457200,2015,12,7,4,147,147,6,NA,1600,NA,0.4,1028.6,-4.1,FALSE,1.17809724509617,1.4
1403056800,2014,6,18,4,44,44,2,30,400,38,18.4,1001,17.2,FALSE,1.96349540849362,1.2
1455955200,2016,2,20,9,15,15,9,30,500,46,-1.2,1030.3,-22.6,FALSE,3.14159265358979,3.9
1408600800,2014,8,21,8,144,173,3,51,1100,38,26.5,1004.6,19.6,FALSE,1.17809724509617,1
1364691600,2013,3,31,3,67,75,3,38,800,31,3.3,1019.3,0.7,FALSE,0,2
1384279200,2013,11,12,19,46,88,8,80,1000,2.3562,6.4,1020.9,-3.3,FALSE,4.71238898038469,1.5
1442728800,2015,9,20,8,26,51,2,47,500,2,18.9,1011.6,13.1,FALSE,0.785398163397448,0.8
1419087600,2014,12,20,16,7,10,12,24,300,40,1.3,1031,-21.1,FALSE,2.74889357189107,3.5
1428325200,2015,4,6,15,17,17,NA,2,100,2,10.4,1025.5,-14.4,FALSE,3.14159265358979,1.9
1399456800,2014,5,7,12,NA,186,2,9,500,94,24.4,1003.1,-5.8,FALSE,2.35619449019234,6.2
1421546400,2015,1,18,3,111,111,29,69,2100,9,-1,1021,-14.2,FALSE,1.5707963267949,0.8
1444244400,2015,10,7,21,329,329,2,66,1700,71,21,1012.7,11.3,FALSE,2.35619449019234,2.1
1380229200,2013,9,26,23,89,166,14,55,2600,14,13.7,1010.4,10.1,FALSE,1.17809724509617,1.4
1475294400,2016,10,1,6,144,144,NA,2,100,2,14.7,1011.5,11.5,FALSE,1.96349540849362,0.6
1451714400,2016,1,2,7,168,168,18,64,2300,6,-2.5,1016.7,-8,FALSE,1.96349540849362,1.7
1396882800,2014,4,7,17,119,140,21,83,600,165,23.2,1007.4,0.9,FALSE,5.10508806208341,1.6
1444809600,2015,10,14,10,47,61,3,51,600,8,15.2,1015,5.4,FALSE,0.785398163397448,1.2
1398135600,2014,4,22,5,38,36,5,57,200,17,7.1,1012.3,1.8,FALSE,0,0.4
1438732800,2015,8,5,2,63,82,NA,32,NA,5,23.7,998.3,21.2,FALSE,1.5707963267949,1.7
1422486000,2015,1,29,0,144,181,85,90,3400,8,-2,1028,-16.2,FALSE,5.49778714378214,1.8
1476673200,2016,10,17,5,73,73,2,41,800,2,11.1,1016.8,10.6,FALSE,1.17809724509617,2
1436216400,2015,7,6,23,49,94,4,25,600,111,24.8,1006.6,16.8,FALSE,5.10508806208341,2.1
1468688400,2016,7,16,19,28,52,2,34,600,61,24.4,1000.5,17.4,FALSE,2.74889357189107,1.4
1385164800,2013,11,23,1,246,243,30,75,5100,2,0.5,1018.2,-4,FALSE,1.17809724509617,0.9
1369342800,2013,5,23,23,217,306,11,68,2600,72,22.1,1006.2,17.7,FALSE,5.49778714378214,0.7
1447473600,2015,11,14,5,241,241,9,59,4100,2,7.4,1013,5,FALSE,5.49778714378214,0.6
1407805200,2014,8,12,3,12,12,2,20,NA,43,21.5,1002.1,11.8,FALSE,0.785398163397448,1.4
1449810000,2015,12,11,6,12,12,4,20,200,41,-2.8,1026.3,-8.5,FALSE,2.35619449019234,0.5
1375844400,2013,8,7,5,25,2,NA,18.477,NA,77.5404,24.3,998.8,22.2,FALSE,2.35619449019234,1.8
1446231600,2015,10,30,20,46,88,3,81,1100,2,5.8,1027.8,-0.7,FALSE,NA,0
1449169200,2015,12,3,20,13,13,NA,NA,NA,NA,-0.8,1024.3,-14,FALSE,3.14159265358979,4
1480471200,2016,11,30,3,115,138,25,69,2800,3,1.7,1022.9,-1.6,FALSE,NA,0
1447567200,2015,11,15,7,NA,NA,NA,NA,NA,NA,4.5,1016.2,4.1,FALSE,NA,0.1
1432432800,2015,5,24,4,173,173,11,46,1300,66,20.3,1003.9,13.3,FALSE,0,1.5
1396015200,2014,3,28,15,54,72,9,87,500,42,22.3,1002.3,5.7,FALSE,4.71238898038469,2.3
1453183200,2016,1,19,7,20,28,11,56,1200,10,-13.6,1027.7,-23.3,FALSE,1.5707963267949,1.5
1364860800,2013,4,2,2,16,16,3,4,1000,2,0.7,1019.5,-5.8,FALSE,4.71238898038469,0.9
1380830400,2013,10,3,22,28,39,4,16,800,57,14.4,1013.4,11,FALSE,3.53429173528852,0.5
1462158000,2016,5,2,5,NA,NA,NA,NA,NA,NA,20.7,1002.7,3.8,FALSE,2.35619449019234,5.9
1462017600,2016,4,30,14,184,184,11,24,900,257,29.3,997.7,11.4,FALSE,5.10508806208341,4.3
1390467600,2014,1,23,10,NA,NA,NA,NA,NA,NA,-0.6,1014.5,-13.9,FALSE,0.785398163397448,1.5
1465462800,2016,6,9,11,172,172,2,4,100,NA,28.2,1002.9,18,FALSE,5.10508806208341,2.3
1368576000,2013,5,15,2,31,84,3,35,300,62,15.4,1011.2,6.4,FALSE,3.53429173528852,0.9
1461790800,2016,4,27,23,144,144,2,108,1200,2,13.2,1009.9,10.4,FALSE,NA,0
1363215600,2013,3,14,0,69,118,13,73,1500,83,0.2,1027.8,-4.1,FALSE,5.49778714378214,2.7
1424030400,2015,2,15,21,215,236,81,106,4000,13,5,1016,-8.2,FALSE,5.10508806208341,1.5
1440795600,2015,8,28,23,19,48,2,15,500,88,23.4,1005.1,16.2,FALSE,0,1.6
1464192000,2016,5,25,18,19,41,2,34,100,122,26.3,1001.8,5.3,FALSE,3.92699081698724,2.4
1428966000,2015,4,14,1,63,82,2,113,700,2,7.3,1010.8,4.4,FALSE,1.5707963267949,0.6
1382472000,2013,10,22,22,58,59,1,47,800,22,8.9,1017.4,6.9,FALSE,0.785398163397448,1.8
1444366800,2015,10,9,7,30,63,2,33,500,2,6.4,1007.2,3,FALSE,1.17809724509617,1.2
1410508800,2014,9,12,10,114,114,2,62,1400,9,21.6,1012.3,17.4,FALSE,0.392699081698724,0.9
1473577200,2016,9,11,9,26,26,2,19,600,NA,20,1011.2,17.6,FALSE,1.5707963267949,1.1
1390748400,2014,1,26,16,49,65,43,34,700,51,1.9,1020.5,-9.7,FALSE,5.10508806208341,1.6
1479272400,2016,11,16,6,68,104,11,59,1700,2,1.7,1016.8,-1,FALSE,1.5707963267949,0.6
1466370000,2016,6,19,23,108,179,2,56,1000,134,28.3,999.7,18.4,FALSE,5.10508806208341,1.2
1464692400,2016,5,31,13,28,74,12,26,900,72,25.3,1007,6,FALSE,4.31968989868597,1.9
1404072000,2014,6,29,22,58,114,14,54,1400,146,26.3,1002.4,17.4,FALSE,1.5707963267949,0.4
1474736400,2016,9,24,19,194,210,4,51,1300,NA,24.1,1005.4,18.7,FALSE,5.49778714378214,1.1
1366005600,2013,4,15,8,76,161,36,76,1399,11,12.7,1002.5,-3.2,FALSE,4.71238898038469,1.8
1368784800,2013,5,17,12,94,108,49,41,1399,84,22,1008.5,12.5,FALSE,5.10508806208341,2.8
1411311600,2014,9,21,17,82,109,11,26,1500,133,20.4,1013.2,14.1,FALSE,5.49778714378214,1.1
1469703600,2016,7,28,13,48,75,2,28,600,191,31.2,997.7,21.7,FALSE,4.71238898038469,1.7
1404003600,2014,6,29,3,17,52,4,22,NA,NA,22.8,1002.5,15.6,FALSE,0.785398163397448,1
1484290800,2017,1,13,8,9,14,12,17,500,73,-4.2,1021.75,-18.4,FALSE,0.785398163397448,1.3
1418068800,2014,12,8,21,158,221,63,103,3500,16,-2.2,1015,-11.8,FALSE,0.785398163397448,1.2
1426561200,2015,3,17,4,300,300,7,53,1800,13,6.6,1013,4.1,FALSE,3.14159265358979,1.5
1444179600,2015,10,7,3,268,268,2,64,1900,17,17,1010.8,15.3,FALSE,0.392699081698724,0.8
1441980000,2015,9,11,16,5,7,2,5,200,68,22.7,1009.8,9.8,FALSE,0.392699081698724,1.2
1445508000,2015,10,22,12,20,20,2,39,500,9,10.2,1022.1,6.7,FALSE,2.74889357189107,1.3
1446303600,2015,10,31,16,21,28,5,42,500,34,15.8,1025.3,-5.9,FALSE,4.31968989868597,2.4
1452625200,2016,1,12,20,17,32,5,26,300,46,-3.6,1025.2,-22.8,FALSE,2.74889357189107,5.8
1419357600,2014,12,23,19,37,89,37,106,1800,6,-0.5,1020,-13.1,FALSE,1.5707963267949,0.5
1444413600,2015,10,9,20,8,11,2,9,300,47,12.5,1010.3,-4.2,FALSE,2.74889357189107,2.3
1413997200,2014,10,22,19,60,218,7,80,1500,2,12,1017,6.1,FALSE,0.785398163397448,1
1488117600,2017,2,26,15,17,21,6,28,400,84,13.4,1019,-8.5,FALSE,3.92699081698724,2.8
1456660800,2016,2,28,13,4,37,2,10,300,75,6.1,1025.4,-17.9,FALSE,2.35619449019234,5.9
1380103200,2013,9,25,12,3,6,7,16,300,52,23.3,1016.8,-0.9,FALSE,3.92699081698724,2.8
1418414400,2014,12,12,21,25,43,4,39,500,23,-3.4,1016,-14.5,FALSE,0.785398163397448,0
1473933600,2016,9,15,12,61,61,2,17,700,NA,28.3,1010.9,16.6,FALSE,0.392699081698724,1.3
1371348000,2013,6,16,4,116,141,16,34,1000,134,23.7,1001.3,17.2,FALSE,5.10508806208341,0.6
1374069600,2013,7,17,16,NA,47,NA,NA,NA,NA,31.8,999.4,14.9,FALSE,5.10508806208341,3.3
1413478800,2014,10,16,19,58,133,11,92,600,29,13.4,1014.9,-1.4,FALSE,5.10508806208341,1.3
1423598400,2015,2,10,21,133,133,51,101,2100,19,2,1010,-12.3,FALSE,1.17809724509617,0.8
1420574400,2015,1,6,21,91,119,36,100,2000,15,-4,1022,-15.9,FALSE,2.35619449019234,0.5
1367046000,2013,4,27,9,65,121,36,53,1100,40,20.1,1009,-2.3,FALSE,5.89048622548086,1.3
1376899200,2013,8,19,10,4,8,3,10.8809,500,61,29.8,1008.2,14.7,FALSE,1.5707963267949,1.9
1477699200,2016,10,29,2,31,120,2,47,800,2,2,1029.8,-0.9,FALSE,0.785398163397448,1.4
1461517200,2016,4,24,19,135,216,30,53,1200,157,24,1003.4,10.3,FALSE,4.31968989868597,3.1
1477630800,2016,10,28,7,16,16,2,23,400,30,7.6,1024.6,-1.4,FALSE,1.96349540849362,3
1423101600,2015,2,5,3,10,10,2,13,400,67,0,1032,-14.4,FALSE,2.74889357189107,1.8
1440464400,2015,8,25,3,20,20,2,15,400,NA,21.8,1007.2,17.6,FALSE,1.96349540849362,1
1478336400,2016,11,5,10,206,206,8,56,2000,27,10.5,1008.8,5.7,FALSE,1.17809724509617,1.4
1362402000,2013,3,4,14,3,9,8,19,500,82,15,1019.1,-14.2,FALSE,1.5707963267949,3.5
1382364000,2013,10,21,16,62,84,25,37,600,109,16.5,1018.5,2.5,FALSE,4.71238898038469,1.3
1441299600,2015,9,3,19,16,46,2,19,500,91,28.1,1009.1,17.3,FALSE,5.49778714378214,1.5
1364349600,2013,3,27,3,120,146,6,57,900,9,5.7,1004.2,3.4,FALSE,5.49778714378214,1.3
1426446000,2015,3,15,20,99,237,21,76,1100,48,11.9,1011.3,-11.7,FALSE,5.49778714378214,1.3
1415354400,2014,11,7,11,27,27,19,28,1100,19,6.8,1013,-9.2,FALSE,5.10508806208341,0.9
1376218800,2013,8,11,13,255,178,3.4272,29.3579,NA,104.7438,31.3,1001.5,26.3,FALSE,5.10508806208341,3.8
1379307600,2013,9,16,7,31,66,4,25,1000,1,17.8,1010,14.1,TRUE,1.17809724509617,1.6
1485356400,2017,1,25,16,175,175,55,63,2300,68,2.7,1025.66666666667,-9.9,FALSE,3.92699081698724,1.8
1366322400,2013,4,19,0,8,23,3,20,300,75,8.1,1021,-2,FALSE,5.49778714378214,4.2
1399269600,2014,5,5,8,21,48,2,33,400,39,14.5,1017.2,-9.6,FALSE,2.35619449019234,2.7
1438826400,2015,8,6,4,17,20,2,2,NA,2,21.2,1001.8,18,FALSE,1.96349540849362,1.2
1480514400,2016,11,30,15,174,202,34,119,2300,20,11.4,1017.1,-8.5,FALSE,3.14159265358979,5.1
1418742000,2014,12,16,16,4,20,2,12,200,49,-1.4,1009,-23.4,FALSE,1.5707963267949,5.3
1411171200,2014,9,20,2,106,106,2,45,900,18,16,1006.3,15.7,FALSE,1.5707963267949,1.1
1374530400,2013,7,23,0,99,143,13.4232,70.4179,NA,34.272,24.9,999.1,21.4,FALSE,1.96349540849362,0.6
1469750400,2016,7,29,2,109,109,2,49,800,23,26.8,998.6,24.6,FALSE,1.5707963267949,0.3
1384185600,2013,11,11,17,38,89,15,71,600,20.349,9.7,1021.2,-9.4,FALSE,3.92699081698724,2.6
1477425600,2016,10,25,22,126,167,2,74,1800,2,10.5,1013.4,9.3,FALSE,NA,0
1447128000,2015,11,10,5,118,118,NA,2,100,2,5,1025.9,2.5,FALSE,1.17809724509617,1.6
1391752800,2014,2,7,7,100,97,57,41,1500,28,-4,1025.6,-6.1,TRUE,5.49778714378214,1.3
1433440800,2015,6,4,20,82,82,5,47,1000,48,19,997.5,16,FALSE,5.89048622548086,1.2
1446703200,2015,11,5,7,200,200,4,37,1100,54,12.1,1023.5,6.8,FALSE,1.5707963267949,1.2
1464433200,2016,5,28,13,42,42,7,21,400,195,29.3,1001.4,5.4,FALSE,4.71238898038469,3.6
1397080800,2014,4,10,0,93,485,18,28,800,101,16.4,1017.3,3.4,FALSE,4.71238898038469,1.2
1367809200,2013,5,6,5,266,273,13,59,1600,40,16.6,1012.1,13.9,FALSE,1.17809724509617,1.3
1394586000,2014,3,12,2,3,5,5,6,200,79,6,1021.4,-8,FALSE,1.17809724509617,2.1
1406419200,2014,7,27,2,87,110,13,21,500,72,26.1,1006.5,15.5,FALSE,4.71238898038469,2
1393642800,2014,3,1,4,146,138,22,73,1900,NA,-0.7,1022.2,-5.3,FALSE,0.392699081698724,1.3
1393743600,2014,3,2,8,116,139,2,NA,700,2,0.9,1021.2,-5.4,FALSE,2.74889357189107,1.3
1407211200,2014,8,5,6,13,13,2,17,500,6,20.7,1004.5,17.5,FALSE,1.17809724509617,1.5
1487325600,2017,2,17,11,6,6,2,4,300,87,2.1,1030,-24.4,FALSE,2.74889357189107,3.7
1452517200,2016,1,11,14,4,5,2,8,400,72,-2.4,1031.4,-21.3,FALSE,1.17809724509617,2.3
1390014000,2014,1,18,4,104,86,40,65,2000,6,-5.8,1030,-11.5,FALSE,0.392699081698724,1.5
1481119200,2016,12,7,15,139,166,35,80,1800,34,8,1020,-5.8,FALSE,4.31968989868597,1.9
1382122800,2013,10,18,21,241,255,8,131,2500,1,12,1021,8.8,FALSE,1.17809724509617,1.5
1456804800,2016,3,1,5,86,89,17,71,2200,2,-3.2,1023.3,-9.5,FALSE,0,0.6
1393372800,2014,2,26,1,NA,NA,NA,NA,NA,NA,1.2,1021.5,-1.7,FALSE,1.5707963267949,0.7
1363442400,2013,3,16,15,155,168,72,67,2000,101,14,1018.2,-0.9,FALSE,4.71238898038469,4.1
1403294400,2014,6,20,22,NA,NA,NA,NA,NA,NA,21.8,1005.4,18.2,FALSE,4.71238898038469,1.8
1401418800,2014,5,30,5,33,43,12,NA,1200,70,24,1002.6,9.6,FALSE,2.74889357189107,0.5
1484524800,2017,1,16,1,111,103,26,76,2400,6,-2.76666666666667,1028,-7.6,FALSE,0.785398163397448,1.4
1443060000,2015,9,24,4,42,42,2,NA,400,NA,17.8,1006.6,15.4,FALSE,1.5707963267949,0.8
1441447200,2015,9,5,12,18,18,2,7,600,70,18.8,1007.5,17.5,TRUE,0.392699081698724,1.3
1446361200,2015,11,1,8,41,56,3,51,800,2,4.2,1022.3,-2.4,FALSE,0.785398163397448,1.9
1416463200,2014,11,20,7,236,269,2,92,3500,10,-0.1,1017,-1.4,FALSE,0,0.6
1406469600,2014,7,27,16,105,134,10,15,900,274,34.6,1001.3,16.4,FALSE,4.31968989868597,5.1
1475560800,2016,10,4,8,35,59,9,55,1700,4,16.3,1013.2,10.8,TRUE,4.71238898038469,2.5
1372950000,2013,7,4,17,20,17,3,9,200,160,25.3,991.7,19.4,TRUE,2.74889357189107,2.2
1466524800,2016,6,21,18,90,99,2,28,900,242,33.4,995.4,20.2,FALSE,5.10508806208341,2.4
1389592800,2014,1,13,7,40,40,45,56,1400,4,-9,1030.2,-17.5,FALSE,1.5707963267949,1.8
1438934400,2015,8,7,10,82,82,4,20,800,NA,26.6,1009.5,22.9,FALSE,0,1.4
1414173600,2014,10,24,20,246,284,2,84,3000,2,12.5,1008.5,11.1,FALSE,0.785398163397448,0.8
1451606400,2016,1,1,1,151,151,15,75,3200,8,-4.5,1024.6,-8.6,FALSE,1.5707963267949,0.4
1441789200,2015,9,9,11,15,22,2,8,400,74,25.3,1016.2,15.9,FALSE,1.17809724509617,2.8
1481806800,2016,12,15,14,8,31,5,13,300,67,4.6,1029.5,-15.3,FALSE,2.74889357189107,4.1
1473861600,2016,9,14,16,NA,NA,NA,NA,NA,NA,29.525,1010,16.5,FALSE,5.49778714378214,2.4
1419156000,2014,12,21,11,8,18,9,29,600,32,-1.9,1021,-21.4,FALSE,2.74889357189107,4
1365354000,2013,4,7,19,82,109,47,50,1100,69,11,1003,-1.8,FALSE,3.14159265358979,0.9
1459062000,2016,3,27,9,7,34,2,2,100,NA,13.9,1017.7,-10.8,FALSE,1.17809724509617,1.5
1393225200,2014,2,24,8,256,321,162,108,5300,2,2.7,1025.8,-2.8,FALSE,1.96349540849362,0.5
1443819600,2015,10,2,23,45,75,2,74,800,3,14,1010.6,10.2,FALSE,3.92699081698724,0.8
1416020400,2014,11,15,4,34,41,12,54,800,2,2,1018,-8.4,FALSE,1.17809724509617,1
1364418000,2013,3,27,22,4,11,3,9,300,84,8.4,1015.8,-16,FALSE,0.392699081698724,5.7
1434772800,2015,6,20,6,19,19,2,24,500,27,18.2,1009.6,13.5,FALSE,1.5707963267949,1.2
1433977200,2015,6,11,1,20,20,2,11,600,63,16.4,995.2,14.9,FALSE,1.5707963267949,1.5
1388541600,2014,1,1,3,18,112,7,15,300,52,5.7,1008.9,-15,FALSE,2.74889357189107,2.6
1477933200,2016,10,31,18,7,36,2,34,300,42,3.6,1032.3,-15.1,FALSE,2.74889357189107,1.7
1427778000,2015,3,31,7,172,189,11,49,3000,31,13.9,1007.9,9.3,FALSE,5.10508806208341,1.6
1426266000,2015,3,13,18,10,14,2,14,200,96,11.3,1017.8,-20.5,FALSE,5.49778714378214,1.3
1456995600,2016,3,3,10,292,292,79,90,4200,14,8.8,1009.8,0.2,FALSE,5.49778714378214,2.1
1450609200,2015,12,20,12,183,183,22,65,2700,8,1.3,1022.2,-3.8,FALSE,2.74889357189107,0.9
1424782800,2015,2,24,14,115,184,47,42,2200,57,5.4,1009.4,-6.2,FALSE,5.49778714378214,2.4
1399849200,2014,5,12,1,25,29,2,66,900,2,11.8,996.7,10.7,FALSE,0.785398163397448,1.4
1437591600,2015,7,22,21,24,24,2,17,600,128,21.9,1001.7,20.5,TRUE,2.74889357189107,2
1367953200,2013,5,7,21,190,240,77,48,1899,291,23.5,1011.1,10.2,FALSE,5.10508806208341,1.9
1390881600,2014,1,28,5,8,9,10,10,200,63,-2.6,1025.6,-19.5,FALSE,1.17809724509617,1.3
1381982400,2013,10,17,6,60,76,1,54,800,1,5.6,1024.1,3.8,FALSE,0.785398163397448,1
1466463600,2016,6,21,1,67,67,2,16,700,114,24.3,998.9,21,FALSE,1.5707963267949,1.2
1414778400,2014,10,31,19,134,149,6,94,2700,2,13.1,1016.1,9.2,FALSE,1.5707963267949,0
1452841200,2016,1,15,8,49,52,8,61,1900,2,-7.7,1015.4,-15,FALSE,1.5707963267949,1.8
1467399600,2016,7,1,21,35,103,2,58,700,71,27.2,999.7,18.2,FALSE,5.10508806208341,1.7
1397444400,2014,4,14,5,201,238,26,86,1700,11,11.4,1014.5,8.1,FALSE,0.392699081698724,0.2
1366156800,2013,4,17,2,38,64,17,34,600,63,8.3,1010,0.3,FALSE,5.49778714378214,1.2
1410973200,2014,9,17,19,49,49,4,79,700,47,16.2,1017.4,12.6,FALSE,4.31968989868597,0.2
1440270000,2015,8,22,21,35,57,8,14,1300,97,25.2,1003.4,17.7,FALSE,5.10508806208341,2.6
1414634400,2014,10,30,3,142,183,7,91,1900,2,10.9,1019.2,6,FALSE,0.785398163397448,1.1
1448564400,2015,11,26,20,58,60,7,79,1200,2,-6.8,1026.4,-11.4,FALSE,3.92699081698724,0.1
1467226800,2016,6,29,21,112,112,2,38,700,107,24,1000.8,19.1,FALSE,1.5707963267949,1.7
1392249600,2014,2,13,1,182,160,NA,12,1300,22,-3.5,1033.3,-8.8,FALSE,5.49778714378214,1.6
1377950400,2013,8,31,14,3,7,1,7,300,98,30.4,1007.1,8.2,FALSE,4.71238898038469,1.7
1459198800,2016,3,28,23,9,57,2,9,200,74,16.3,1011.5,-6.1,FALSE,2.35619449019234,6.1
1444672800,2015,10,12,20,23,49,9,120,700,2,14.5,1015.7,6.8,FALSE,3.53429173528852,0.6
1381183200,2013,10,8,0,83,171,3,35,1000,15,16.5,1021.2,12.6,FALSE,0.785398163397448,0.2
1441335600,2015,9,4,5,24,26,2,10,400,26,21,1010.3,18,FALSE,1.5707963267949,1.2
1452362400,2016,1,9,19,89,122,38,100,2500,4,-1.9,1021,-11.2,FALSE,1.5707963267949,0.9
1370707200,2013,6,8,18,197,211,3,62,2399,6,20.7,1003.3,19.7,FALSE,1.5707963267949,0.7
1456948800,2016,3,2,21,192,192,47,128,2300,18,10,1011.2,-4.8,FALSE,1.17809724509617,1.4
1457013600,2016,3,3,15,334,334,65,80,3100,83,14.2,1007.6,1.1,FALSE,5.49778714378214,1.6
1456264800,2016,2,23,23,16,16,3,15,300,64,-3.5,1035.6,-19.9,FALSE,1.17809724509617,0.9
1370811600,2013,6,9,23,19,20,NA,30.1791,NA,7.497,16.8,1009.6,16,FALSE,1.96349540849362,0.9
1394060400,2014,3,6,0,11,18,4,16,400,64,1.4,1026.2,-21.8,FALSE,0.785398163397448,1.5
1457089200,2016,3,4,12,425,425,62,143,5900,4,7.7,1014.4,-0.1,FALSE,3.14159265358979,0.7
1450461600,2015,12,18,19,29,50,9,89,1500,2,-0.8,1032.7,-7.6,FALSE,1.5707963267949,0.1
1387983600,2013,12,25,16,172,181,69,106,2500,14,3.7,1022.7,-17.2,FALSE,1.96349540849362,6.8
1433952000,2015,6,10,18,96,96,2,37,1300,113,22.9,993.4,17.6,FALSE,0.392699081698724,2
1416902400,2014,11,25,9,75,132,25,79,2200,5,2.5,1012,-2.8,FALSE,1.17809724509617,0.9
1481914800,2016,12,16,20,58,74,22,89,1200,2,-0.3,1018.9,-9.5,FALSE,1.17809724509617,0.7
1375740000,2013,8,6,0,85,95,NA,43.113,NA,44.1252,25.9,995.6,23.4,FALSE,5.89048622548086,0.8
1418932800,2014,12,18,21,155,219,22,97,4800,8,-2.1,1012,-6.1,FALSE,1.17809724509617,0.8
1401026400,2014,5,25,16,15,66,2,NA,200,93,27.6,1001.5,-1.4,FALSE,2.74889357189107,6
1363860000,2013,3,21,11,90,100,42,48,1399,32,5.6,1005.8,-3,FALSE,1.96349540849362,0.8
1448618400,2015,11,27,11,239,239,38,76,3200,11,-4.6,1022.6,-10.4,FALSE,1.17809724509617,1.7
1422237600,2015,1,26,3,297,297,2,70,4800,19,-4,1019,-5.5,FALSE,1.5707963267949,0.9
1476626400,2016,10,16,16,115,115,5,50,700,80,19,1012.2,12.3,FALSE,4.31968989868597,2
1375192800,2013,7,30,16,121,78,NA,24.4307,NA,319.158,33.7,991.6,22.8,FALSE,4.71238898038469,2.1
1369666800,2013,5,27,17,57,59,3,37,800,81,22.3,1002,15.9,FALSE,2.35619449019234,1.5
1450116000,2015,12,14,19,29,29,9,57,600,15,3.1,1019.6,-10.6,FALSE,3.14159265358979,3
1456290000,2016,2,24,6,19,19,7,28,700,41,-7.1,1033.6,-17.3,FALSE,1.5707963267949,1.2
1485784800,2017,1,30,15,8,8,5,7,400,76,0.3,1031.5,-25.9,FALSE,4.31968989868597,1.4
1410480000,2014,9,12,2,87,87,2,13,1200,81,19.7,1010.9,18.4,FALSE,3.53429173528852,0.4
1380106800,2013,9,25,13,3,15,4,14,200,60,24.1,1015.5,-2.5,FALSE,2.74889357189107,3.1
1362477600,2013,3,5,11,124,150,77,69,1899,84,10.7,1013.6,-6.6,FALSE,0.392699081698724,1.1
1480284000,2016,11,27,23,45,45,15,62,600,13,-0.4,1029.4,-11.8,FALSE,0.785398163397448,1.1
1394892000,2014,3,15,15,89,138,37,88,1000,59,21.3,1004.9,-9.3,FALSE,4.71238898038469,1.6
1409158800,2014,8,27,19,60,73,13,35,500,167,26.9,1009.4,14,FALSE,4.31968989868597,0.5
1401224400,2014,5,27,23,14,20,2,NA,200,88,25.5,997.9,1.6,FALSE,1.96349540849362,2.1
1371106800,2013,6,13,9,129,164,16,28,1399,90,24.2,1005.9,17.7,FALSE,5.10508806208341,1.8
1450220400,2015,12,16,0,12,12,2,7,200,49,-1.8,1025.5,-17.5,FALSE,2.74889357189107,5.1
1383400800,2013,11,2,15,322,344,18,187,2300,12.2094,13.2,1017.1,7.2,FALSE,5.10508806208341,2.7
1486760400,2017,2,10,22,6,11,3,10,200,84,1.4,1026.2,-21.1,FALSE,1.5707963267949,2.1
1391227200,2014,2,1,5,194,192,59,57,2300,2,1.6,1013.8,-4.1,FALSE,1.17809724509617,0.9
1432623600,2015,5,26,9,113,183,26,66,1200,72,26.7,1003.9,14.8,FALSE,0,1.1
1379217600,2013,9,15,6,3,12,5,13,200,40,16,1012.4,5.3,FALSE,0.392699081698724,1.6
1379988000,2013,9,24,4,3,30,1,16,200,8,7.7,1019.8,6.6,FALSE,1.5707963267949,0.6
1396454400,2014,4,2,18,128,246,29,41,1400,124,17,1015,2.2,FALSE,5.10508806208341,1.7
1416765600,2014,11,23,19,135,195,2,102,2700,5,2.2,1022.1,-0.1,FALSE,1.5707963267949,0
1399579200,2014,5,8,22,63,108,22,33,1000,99,18.3,1011.5,5.2,FALSE,0,2.1
1389286800,2014,1,9,18,21,60,18,68,800,10,-3.7,1026.1,-20,FALSE,4.31968989868597,1.7
1395892800,2014,3,27,5,281,298,20,106,1800,15,13,1009.1,8.9,FALSE,0.785398163397448,1
1440910800,2015,8,30,7,27,35,2,16,700,39,21.3,1008.4,18.9,TRUE,0.392699081698724,0.8
1422453600,2015,1,28,15,36,39,32,31,1100,41,1,1031,-20.1,FALSE,5.10508806208341,0.2
1397235600,2014,4,11,19,57,80,27,48,1100,86,14.7,1013.7,-1.4,FALSE,4.71238898038469,1.9
1472958000,2016,9,4,5,130,130,2,NA,1100,25,22.3,1006.4,19.5,FALSE,0,1.9
1367884800,2013,5,7,2,182,251,7,130,1600,2,17.4,1011.6,13.3,FALSE,3.14159265358979,0.8
1415138400,2014,11,4,23,184,222,2,91,2300,2,4.7,1010,2.6,FALSE,1.5707963267949,0
1363813200,2013,3,20,22,83,90,3,76,1100,10,1.9,1015.7,-3.4,FALSE,5.10508806208341,1.8
1451829600,2016,1,3,15,190,190,31,79,2000,20,2.9,1018.2,-7.6,FALSE,5.10508806208341,1.3
1418619600,2014,12,15,6,199,292,113,115,6700,16,-4.3,1025,-11.3,FALSE,2.74889357189107,2.4
1471593600,2016,8,19,10,8,8,2,7,400,89,28.9,1002.8,18.4,FALSE,0.785398163397448,4.1
1478736000,2016,11,10,1,220,226,24,92,2700,4,5.5,1018,1.2,FALSE,5.10508806208341,1
1392908400,2014,2,20,16,207,223,47,63,2100,19,0.3,1025.7,-4.3,FALSE,5.89048622548086,1.3
1383195600,2013,10,31,6,80,94,2,64,1000,3.8556,4.6,1024.6,2,FALSE,1.5707963267949,1.8
1377154800,2013,8,22,9,90,99,1,38.3911,1000,54,24.4,1006.7,20.9,FALSE,2.35619449019234,0.8
1441483200,2015,9,5,22,22,23,2,55,600,4,17.5,1009.2,15.7,FALSE,2.74889357189107,2.1
1457899200,2016,3,13,21,58,83,18,89,1000,8,5,1020.4,-13,FALSE,4.71238898038469,1.6
1388149200,2013,12,27,14,12,19,16,23,400,46,0.6,1023.8,-18.7,FALSE,1.96349540849362,1.6
1449745200,2015,12,10,12,74,74,8,22,900,55,7.7,1022.9,-6.1,FALSE,1.17809724509617,3
1363960800,2013,3,22,15,60,122,24,43,1000,52,10,1013.3,-5.6,FALSE,3.92699081698724,2.5
1450998000,2015,12,25,0,350,350,3,83,5300,7,-4.5,1022.2,-5.3,FALSE,1.17809724509617,1.7
1413522000,2014,10,17,7,54,94,2,64,600,2,8.8,1013.8,2.4,FALSE,1.17809724509617,1.1
1472680800,2016,9,1,0,9,33,5,37,100,44,25.5,991.7,0.2,FALSE,2.35619449019234,3.1
1400932800,2014,5,24,14,60,60,2,NA,900,49,20.8,1003.8,18.7,FALSE,0,1.6
1486699200,2017,2,10,5,3,6,2,5,200,86,-2.7,1025.6,-24.4,FALSE,2.35619449019234,4.2
1377288000,2013,8,23,22,38,79,1,69,1300,1,22.4,1006.3,19.9,FALSE,1.17809724509617,0.5
1447351200,2015,11,12,19,214,214,5,69,3000,2,7.3,1024.9,5.4,FALSE,1.5707963267949,0.8
1435845600,2015,7,2,16,3,5,2,10,200,94,33.1,996.7,3.9,FALSE,2.35619449019234,2.8
1396069200,2014,3,29,6,51,68,15,43,1000,30,12.7,1010.7,3.1,FALSE,0.785398163397448,1.6
1400450400,2014,5,19,0,136,213,24,NA,1200,107,19.6,1003.5,14,TRUE,0,3.4
1438970400,2015,8,7,20,33,35,11,18,600,119,21.9,1010.4,19.3,TRUE,5.49778714378214,1.5
1461477600,2016,4,24,8,48,94,15,59,500,9,13.8,1009.9,-3.1,FALSE,5.49778714378214,1.8
1365008400,2013,4,3,19,52,63,5,31,800,100,12.1,1011.7,-3.7,FALSE,5.10508806208341,1.8
1383530400,2013,11,4,3,9,9,2,30,300,24.2046,3.4,1026.2,-0.1,FALSE,0.785398163397448,1.8
1401429600,2014,5,30,8,29,98,13,NA,1300,44,31,1003.7,10.9,FALSE,0,1
1383130800,2013,10,30,12,34,52,10,39,600,37.0566,14.2,1023.6,-0.7,FALSE,5.49778714378214,1.4
1411268400,2014,9,21,5,55,86,7,38,1000,23,16.2,1013.6,11.8,FALSE,4.71238898038469,0
1379282400,2013,9,16,0,59,145,9,41,1300,1,17.3,1009.8,14.2,FALSE,5.89048622548086,0.9
1409007600,2014,8,26,1,31,68,2,50,800,7,20.6,1009.3,13.5,FALSE,1.17809724509617,1.9
1386997200,2013,12,14,6,9,6,9,18,1200,43,-7,1025.8,-18.7,FALSE,1.5707963267949,1.5
1385305200,2013,11,24,16,46,172,7,19,500,45,7.9,1009,-8.6,FALSE,1.96349540849362,0.1
1367024400,2013,4,27,3,60,73,59,55,1300,39,10.8,1006.2,3.1,FALSE,1.96349540849362,0.6
1421863200,2015,1,21,19,19,33,4,55,600,26,1,1025,-12.4,FALSE,3.92699081698724,1.2
1478995200,2016,11,13,1,53,64,17,54,1200,10,7.5,1017.8,2.8,FALSE,5.10508806208341,1.9
1385697600,2013,11,29,5,38,46,31,53,1700,3,-3.2,1019.2,-11.4,FALSE,1.5707963267949,1
1468386000,2016,7,13,7,17,19,3,20,300,30,24.8,1001.7,20.5,FALSE,1.5707963267949,1.3
1393459200,2014,2,27,1,7,5,2,9,900,64,5.3,1023.5,-12.7,FALSE,2.35619449019234,6
1448686800,2015,11,28,6,170,170,22,66,1800,2,-3.1,1024.7,-7.4,FALSE,1.5707963267949,1.2
1373407200,2013,7,10,0,NA,14,10,19,700,30,23,1000.6,21.8,FALSE,1.96349540849362,0
1474153200,2016,9,18,1,16,16,2,10,1200,NA,17.6,1016.5,16.8,TRUE,1.17809724509617,1.4
1400619600,2014,5,20,23,61,77,10,NA,900,107,20.9,1003.1,11,FALSE,5.49778714378214,2.1
1444579200,2015,10,11,18,11,41,2,53,500,25,18.5,1013.9,3.1,FALSE,2.74889357189107,1.2
1414861200,2014,11,1,18,15,58,7,55,300,11,13.2,1008,-6.4,FALSE,2.74889357189107,2.1
1409216400,2014,8,28,11,143,257,7,64,2500,63,27.4,1011.7,16.1,FALSE,0.785398163397448,0.8
1383534000,2013,11,4,4,3,6,3,33,400,20.5632,4,1026.1,-0.8,FALSE,1.96349540849362,1.1
1469570400,2016,7,27,0,62,80,2,48,700,46,26.6,999.7,23.5,FALSE,0,1.2
1412852400,2014,10,9,13,244,244,16,41,1600,94,21.5,1015.5,13.1,FALSE,5.10508806208341,1.5
1471874400,2016,8,22,16,29,59,2,20,400,182,31.8,1006.2,19.4,FALSE,4.71238898038469,2.5
1456261200,2016,2,23,22,19,19,6,22,400,55,-2.8,1035.7,-20.1,FALSE,1.17809724509617,1.5
1397865600,2014,4,19,2,46,57,15,28,300,49,13.2,1018.8,2.4,FALSE,3.92699081698724,0.5
1479027600,2016,11,13,10,56,83,30,65,1800,3,7.9,1015.8,3.7,FALSE,0.785398163397448,1.4
1388109600,2013,12,27,3,12,6,6,16,500,52,-2.7,1029.4,-20.5,FALSE,2.35619449019234,4.5
1363201200,2013,3,13,20,31,40,19,81,600,83,2.8,1026.8,-11.5,FALSE,5.10508806208341,1.3
1394776800,2014,3,14,7,8,16,3,39,400,48,8,1018.9,-17.1,FALSE,0.392699081698724,0.9
1370088000,2013,6,1,14,16,19,3,8,200,122,30.5,1002.1,0,FALSE,0.392699081698724,1.7
1478937600,2016,11,12,9,44,58,17,38,800,15,6.3,1018.1,-2.3,FALSE,1.5707963267949,0.9
1426824000,2015,3,20,5,71,209,7,74,600,2,5.5,1015.7,-6.4,FALSE,2.35619449019234,1.1
1463389200,2016,5,16,11,27,44,4,62,500,47,25.5,1005.7,5.1,FALSE,3.53429173528852,2
1441137600,2015,9,1,22,22,32,2,36,600,3,21.2,1009.7,18.6,FALSE,1.5707963267949,1
1372024800,2013,6,24,0,90,96,3,43,800,107,24.1,1000.2,20.2,FALSE,5.10508806208341,1.2
1363899600,2013,3,21,22,173,188,8,79,1700,25,4.9,1008.4,-1.3,FALSE,2.35619449019234,1.6
1458104400,2016,3,16,6,201,215,7,84,2100,2,2.3,1014,-1.3,FALSE,1.17809724509617,1
1372395600,2013,6,28,7,331,274,3,56,4000,20,25,998.8,24.5,FALSE,5.10508806208341,2.3
1373432400,2013,7,10,7,NA,20,11,20,1000,19,23.7,1002,21,FALSE,1.5707963267949,1.4
1463752800,2016,5,20,16,64,64,22,28,900,231,28.1,1011.1,7.3,FALSE,5.49778714378214,3.2
1386183600,2013,12,4,20,109,125,34,74,1800,6,4.9,1016.3,-6.1,FALSE,1.5707963267949,0.7
1380718800,2013,10,2,15,7,11,4,13,200,70,22.9,1015.3,-0.6,FALSE,4.31968989868597,2.6
1478458800,2016,11,6,20,90,115,12,84,1500,5,7.7,1022.2,-4.1,FALSE,5.49778714378214,0.8
1431241200,2015,5,10,9,45,67,18,59,1300,14,11.5,1013.6,2,FALSE,5.49778714378214,3.5
1429675200,2015,4,22,6,53,112,2,79,1100,2,7.7,1015.6,3.4,FALSE,NA,0.2
1397142000,2014,4,10,17,50,237,15,28,900,87,17.1,1016.8,-2.6,FALSE,4.31968989868597,2.2
1400464800,2014,5,19,4,48,58,2,NA,500,135,17.7,1003.3,15.9,TRUE,5.10508806208341,1.4
1366617600,2013,4,22,10,147,168,40,47,1000,40,13.3,1012.2,5.7,FALSE,4.71238898038469,1.3
1455732000,2016,2,17,19,61,70,17,77,1000,29,6.6,1014.7,-10.2,FALSE,4.31968989868597,1.4
1438711200,2015,8,4,20,26,66,2,34,600,123,28.2,997.5,20,FALSE,5.10508806208341,2.2
1368039600,2013,5,8,21,77,86,18,61,900,92,20.5,1010,10.9,FALSE,3.92699081698724,2.2
1397754000,2014,4,17,19,116,87,21,50,1100,114,16.2,1010.9,9.4,FALSE,4.71238898038469,1.6
1364184000,2013,3,25,5,71,97,4,75.1398,NA,0.2142,-1.7,1020.7,-6.3,FALSE,1.5707963267949,0
1450033200,2015,12,13,20,306,306,74,132,6500,8,1.5,1022.7,-4.2,FALSE,4.71238898038469,0.4
1402786800,2014,6,15,1,155,190,6,54,1600,70,23.9,1002.4,19,FALSE,0.785398163397448,1.1
1414436400,2014,10,27,20,71,71,22,85,1200,6,9.4,1026.7,-2.3,FALSE,4.71238898038469,1.7
1402218000,2014,6,8,11,29,73,15,22,900,102,28.4,997.7,11,FALSE,4.71238898038469,1.3
1443556800,2015,9,29,22,23,23,2,30,400,13,14,1024.5,12.9,FALSE,1.5707963267949,0.9
1451228400,2015,12,27,16,62,62,18,63,1400,9,-4.2,1034.5,-14.1,FALSE,3.14159265358979,1.2
1412445600,2014,10,4,20,53,53,2,45,1600,9,14.2,1019.2,12.4,FALSE,5.10508806208341,1.6
1451444400,2015,12,30,4,470,470,16,119,5600,10,-3.1,1024.9,-6.1,FALSE,2.35619449019234,1.2
1474776000,2016,9,25,6,189,189,2,16,1100,NA,19.925,1010,17.9,FALSE,0.785398163397448,1.3
1372626000,2013,6,30,23,211,120,3,25,1100,129,25.4,998.5,22.5,FALSE,5.89048622548086,1.5
1468868400,2016,7,18,21,109,109,3,59,1100,46,26,1003.8,22.9,FALSE,5.49778714378214,1
1424995200,2015,2,27,1,10,23,2,5,200,68,-1.1,1029,-18.2,FALSE,1.17809724509617,2.3
1439978400,2015,8,19,12,37,37,2,7,600,110,25.9,1008.1,18.1,FALSE,5.10508806208341,1
1434441600,2015,6,16,10,131,152,9,54,1600,83,27.3,1001.3,16.9,FALSE,5.89048622548086,1.4
1446300000,2015,10,31,15,19,25,6,35,400,36,16.5,1025.3,-7.2,FALSE,3.92699081698724,1.6
1403010000,2014,6,17,15,NA,NA,24,16,NA,179,26.5,997.9,20.3,FALSE,4.71238898038469,1.6
1474174800,2016,9,18,7,30,30,2,34,500,NA,17.8,1016.6,16.8,FALSE,1.17809724509617,0.8
1402214400,2014,6,8,10,21,29,11,23,800,68,26.9,998.6,11.4,FALSE,4.31968989868597,1
1407632400,2014,8,10,3,29,29,2,9,NA,61,20,1001.1,18.7,FALSE,2.35619449019234,1.4
1454320800,2016,2,1,11,11,11,5,15,500,64,-1.4,1033.7,-19.9,FALSE,1.17809724509617,1.5
1422248400,2015,1,26,6,157,157,2,56,2800,8,-4,1019,-5.7,FALSE,2.74889357189107,1.9
1478808000,2016,11,10,21,173,173,4,62,1700,2,3.5,1010.9,2.2,FALSE,1.17809724509617,1.6
1403564400,2014,6,24,1,56,115,2,92,600,8,21.4,1002.4,17.2,FALSE,1.17809724509617,1.4
1366423200,2013,4,20,4,73,59,3,58,800,2,1.5,1019.4,0.3,FALSE,1.5707963267949,0.2
1432720800,2015,5,27,12,111,111,16,22,900,200,29,1002.4,14.8,FALSE,4.71238898038469,3
1376622000,2013,8,16,5,34,50,3,16.6293,800,56,27,994.4,25,FALSE,5.89048622548086,0.9
1393146000,2014,2,23,10,217,217,192,86,3800,4,2.1,1028.7,-4,FALSE,3.92699081698724,0.9
1397671200,2014,4,16,20,53,83,11,56,600,65,16.1,1007.8,0.6,FALSE,0.392699081698724,0.7
1403139600,2014,6,19,3,158,158,2,32,NA,NA,20.5,999.4,19,FALSE,1.5707963267949,0.6
1437998400,2015,7,27,14,91,113,4,23,1000,194,32.4,1000,23.9,FALSE,5.49778714378214,2.5
1378821600,2013,9,10,16,3,8,1,6,NA,88.6788,29.5,1007.6,6.8,FALSE,2.35619449019234,1.5
